Beach_Name,Measurement_Timestamp,Water_Temperature,Turbidity,Transducer_Depth,Wave_Height,Wave_Period,Battery_Life,Measurement_Timestamp_Label,Measurement_ID
Montrose Beach,8/30/2013 8:00,20.3,1.18,0.891,0.08,3,9.4,8/30/2013 8:00,MontroseBeach201308300800
Montrose Beach,5/28/2014 12:00,14.4,3.36,1.388,0.298,4,11.9,5/28/2014 12:00,MontroseBeach201405281200
Montrose Beach,5/28/2014 13:00,14.5,2.72,1.395,0.306,3,11.9,5/28/2014 13:00,MontroseBeach201405281300
Montrose Beach,5/28/2014 14:00,14.8,2.97,1.386,0.328,3,11.9,5/28/2014 14:00,MontroseBeach201405281400
Montrose Beach,5/28/2014 15:00,14.5,4.3,1.377,0.328,3,11.9,5/28/2014 15:00,MontroseBeach201405281500
Montrose Beach,5/28/2014 16:00,14.4,4.87,1.366,0.341,3,11.9,5/28/2014 16:00,MontroseBeach201405281600
Montrose Beach,5/28/2014 17:00,14.1,5.06,1.382,0.34,4,11.9,5/28/2014 17:00,MontroseBeach201405281700
Montrose Beach,5/28/2014 18:00,14.2,5.76,1.415,0.356,3,11.9,5/28/2014 18:00,MontroseBeach201405281800
Montrose Beach,5/28/2014 19:00,14.2,6.32,1.386,0.346,3,11.9,5/28/2014 19:00,MontroseBeach201405281900
Montrose Beach,5/28/2014 20:00,14.4,6.89,1.401,0.38,4,11.9,5/28/2014 20:00,MontroseBeach201405282000
Montrose Beach,5/28/2014 21:00,14.5,7.11,1.374,0.361,5,11.9,5/28/2014 21:00,MontroseBeach201405282100
Montrose Beach,5/28/2014 22:00,14.5,6.88,1.413,0.345,4,11.9,5/28/2014 22:00,MontroseBeach201405282200
Montrose Beach,5/28/2014 23:00,14.3,7.32,1.406,0.331,4,11.9,5/28/2014 23:00,MontroseBeach201405282300
Montrose Beach,5/29/2014 1:00,14.2,7.18,1.46,0.305,4,11.9,5/29/2014 1:00,MontroseBeach201405290100
Montrose Beach,5/29/2014 2:00,14.2,6.35,1.45,0.321,3,11.9,5/29/2014 2:00,MontroseBeach201405290200
Montrose Beach,5/29/2014 3:00,14.1,6.78,1.468,0.285,4,11.8,5/29/2014 3:00,MontroseBeach201405290300
Montrose Beach,5/29/2014 4:00,14.1,6.27,1.456,0.306,3,11.8,5/29/2014 4:00,MontroseBeach201405290400
Montrose Beach,5/29/2014 5:00,14,5.63,1.421,0.282,3,11.8,5/29/2014 5:00,MontroseBeach201405290500
Montrose Beach,5/29/2014 6:00,13.8,5.05,1.41,0.248,4,11.8,5/29/2014 6:00,MontroseBeach201405290600
Montrose Beach,5/29/2014 7:00,13.8,5.73,1.398,0.235,4,11.8,5/29/2014 7:00,MontroseBeach201405290700
Montrose Beach,5/29/2014 8:00,13.9,5.57,1.398,0.244,4,11.8,5/29/2014 8:00,MontroseBeach201405290800
Montrose Beach,5/29/2014 9:00,13.9,6.49,1.407,0.292,3,11.8,5/29/2014 9:00,MontroseBeach201405290900
Montrose Beach,5/29/2014 10:00,14.1,5.67,1.415,0.277,2,11.8,5/29/2014 10:00,MontroseBeach201405291000
Montrose Beach,5/29/2014 11:00,14.3,6.4,1.458,0.286,5,11.8,5/29/2014 11:00,MontroseBeach201405291100
Montrose Beach,5/29/2014 12:00,14.6,6.19,1.432,0.301,3,11.8,5/29/2014 12:00,MontroseBeach201405291200
Montrose Beach,5/29/2014 13:00,14.8,6.28,1.526,0.282,5,11.8,5/29/2014 13:00,MontroseBeach201405291300
Montrose Beach,5/29/2014 14:00,14.9,6.36,1.391,0.319,3,11.8,5/29/2014 14:00,MontroseBeach201405291400
Montrose Beach,5/29/2014 15:00,15.1,5.98,1.449,0.296,3,11.8,5/29/2014 15:00,MontroseBeach201405291500
Montrose Beach,5/29/2014 16:00,15.2,6.26,1.448,0.313,3,11.8,5/29/2014 16:00,MontroseBeach201405291600
Montrose Beach,5/29/2014 17:00,15.5,7.06,1.406,0.288,3,11.8,5/29/2014 17:00,MontroseBeach201405291700
Montrose Beach,5/29/2014 18:00,15.3,6.51,1.401,0.298,3,11.8,5/29/2014 18:00,MontroseBeach201405291800
Montrose Beach,5/29/2014 19:00,15.5,6.71,1.4,0.287,3,11.8,5/29/2014 19:00,MontroseBeach201405291900
Montrose Beach,5/29/2014 20:00,15.3,6.17,1.406,0.298,3,11.8,5/29/2014 20:00,MontroseBeach201405292000
Montrose Beach,5/29/2014 21:00,15.4,5.9,1.416,0.286,3,11.8,5/29/2014 21:00,MontroseBeach201405292100
Montrose Beach,5/29/2014 22:00,15.2,6.03,1.4,0.266,3,11.8,5/29/2014 22:00,MontroseBeach201405292200
Montrose Beach,5/29/2014 23:00,15.2,5.71,1.397,0.262,3,11.8,5/29/2014 23:00,MontroseBeach201405292300
Montrose Beach,5/30/2014 0:00,15.2,6.09,1.438,0.234,3,11.8,5/30/2014 0:00,MontroseBeach201405302400
Montrose Beach,5/30/2014 1:00,15,5.98,1.379,0.26,3,11.8,5/30/2014 1:00,MontroseBeach201405300100
Montrose Beach,5/30/2014 2:00,15,5.92,1.504,0.26,3,11.8,5/30/2014 2:00,MontroseBeach201405300200
Montrose Beach,5/30/2014 3:00,14.9,6.51,1.422,0.261,3,11.8,5/30/2014 3:00,MontroseBeach201405300300
Montrose Beach,5/30/2014 4:00,14.8,5.35,1.441,0.266,4,11.8,5/30/2014 4:00,MontroseBeach201405300400
Montrose Beach,5/30/2014 5:00,14.8,5.66,1.441,0.253,4,11.8,5/30/2014 5:00,MontroseBeach201405300500
Montrose Beach,5/30/2014 6:00,14.7,5.53,1.401,0.219,3,11.8,5/30/2014 6:00,MontroseBeach201405300600
Montrose Beach,5/30/2014 7:00,14.7,5.53,1.455,0.22,4,11.8,5/30/2014 7:00,MontroseBeach201405300700
Montrose Beach,5/30/2014 8:00,14.8,5.58,1.4,0.228,3,11.8,5/30/2014 8:00,MontroseBeach201405300800
Montrose Beach,5/30/2014 9:00,15,5.36,1.399,0.223,3,11.8,5/30/2014 9:00,MontroseBeach201405300900
Montrose Beach,5/30/2014 10:00,15.2,5.03,1.429,0.198,3,11.8,5/30/2014 10:00,MontroseBeach201405301000
Montrose Beach,5/30/2014 11:00,15.5,5.28,1.443,0.202,3,11.8,5/30/2014 11:00,MontroseBeach201405301100
Montrose Beach,5/30/2014 12:00,15.8,5.04,1.454,0.193,3,11.8,5/30/2014 12:00,MontroseBeach201405301200
Montrose Beach,5/30/2014 13:00,16.1,4.71,1.472,0.199,3,11.8,5/30/2014 13:00,MontroseBeach201405301300
Montrose Beach,5/30/2014 14:00,16.4,4.43,1.429,0.226,2,11.8,5/30/2014 14:00,MontroseBeach201405301400
Montrose Beach,5/30/2014 15:00,16.7,4.62,1.437,0.196,2,11.8,5/30/2014 15:00,MontroseBeach201405301500
Montrose Beach,5/30/2014 16:00,16.8,4.41,1.403,0.229,2,11.8,5/30/2014 16:00,MontroseBeach201405301600
Montrose Beach,5/30/2014 17:00,16.8,4.31,1.438,0.23,3,11.8,5/30/2014 17:00,MontroseBeach201405301700
Montrose Beach,5/30/2014 18:00,16.7,4.16,1.44,0.219,2,11.8,5/30/2014 18:00,MontroseBeach201405301800
Montrose Beach,5/30/2014 19:00,16.8,4.4,1.385,0.201,2,11.8,5/30/2014 19:00,MontroseBeach201405301900
Montrose Beach,5/30/2014 20:00,16.7,4.05,1.392,0.201,2,11.8,5/30/2014 20:00,MontroseBeach201405302000
Montrose Beach,5/30/2014 21:00,16.7,4.17,1.362,0.178,2,11.8,5/30/2014 21:00,MontroseBeach201405302100
Montrose Beach,5/30/2014 22:00,16.5,3.83,1.412,0.16,2,11.8,5/30/2014 22:00,MontroseBeach201405302200
Montrose Beach,5/30/2014 23:00,16.5,3.94,1.393,0.182,3,11.8,5/30/2014 23:00,MontroseBeach201405302300
Montrose Beach,5/31/2014 0:00,16.5,3.63,1.428,0.168,2,11.8,5/31/2014 0:00,MontroseBeach201405312400
Montrose Beach,5/31/2014 1:00,16.4,3.68,1.434,0.152,2,11.8,5/31/2014 1:00,MontroseBeach201405310100
Montrose Beach,5/31/2014 2:00,16.3,3.56,1.473,0.144,3,11.8,5/31/2014 2:00,MontroseBeach201405310200
Montrose Beach,5/31/2014 3:00,16.2,3.38,1.444,0.147,3,11.8,5/31/2014 3:00,MontroseBeach201405310300
Montrose Beach,5/31/2014 4:00,16,3.08,1.438,0.166,3,11.8,5/31/2014 4:00,MontroseBeach201405310400
Montrose Beach,5/31/2014 5:00,16,3,1.449,0.161,2,11.8,5/31/2014 5:00,MontroseBeach201405310500
Montrose Beach,5/31/2014 6:00,15.9,3.11,1.411,0.163,3,11.8,5/31/2014 6:00,MontroseBeach201405310600
Montrose Beach,5/31/2014 7:00,16,3.16,1.448,0.147,3,11.8,5/31/2014 7:00,MontroseBeach201405310700
Montrose Beach,5/31/2014 8:00,16,3.18,1.401,0.138,3,11.8,5/31/2014 8:00,MontroseBeach201405310800
Montrose Beach,5/31/2014 9:00,16.2,3.07,1.421,0.145,3,11.8,5/31/2014 9:00,MontroseBeach201405310900
Montrose Beach,5/31/2014 10:00,16.5,2.88,1.412,0.144,3,11.8,5/31/2014 10:00,MontroseBeach201405311000
Montrose Beach,5/31/2014 11:00,16.8,2.91,1.442,0.158,4,11.8,5/31/2014 11:00,MontroseBeach201405311100
Montrose Beach,5/31/2014 12:00,17.3,2.49,1.395,0.131,2,11.8,5/31/2014 12:00,MontroseBeach201405311200
Montrose Beach,5/31/2014 13:00,17.6,2.85,1.431,0.15,3,11.8,5/31/2014 13:00,MontroseBeach201405311300
Montrose Beach,5/31/2014 14:00,19.2,3.57,1.395,0.156,3,11.8,5/31/2014 14:00,MontroseBeach201405311400
Montrose Beach,5/31/2014 15:00,19.7,3.68,1.458,0.158,2,11.7,5/31/2014 15:00,MontroseBeach201405311500
Montrose Beach,5/31/2014 16:00,20.1,3.11,1.454,0.215,4,11.8,5/31/2014 16:00,MontroseBeach201405311600
Montrose Beach,5/31/2014 17:00,19.4,2.54,1.435,0.243,2,11.8,5/31/2014 17:00,MontroseBeach201405311700
Montrose Beach,5/31/2014 18:00,18.4,2.64,1.427,0.218,2,11.8,5/31/2014 18:00,MontroseBeach201405311800
Montrose Beach,5/31/2014 19:00,19.5,3.82,1.385,0.205,3,11.8,5/31/2014 19:00,MontroseBeach201405311900
Montrose Beach,5/31/2014 20:00,18.1,2.66,1.409,0.211,3,11.8,5/31/2014 20:00,MontroseBeach201405312000
Montrose Beach,5/31/2014 21:00,17.7,2.49,1.38,0.22,3,11.8,5/31/2014 21:00,MontroseBeach201405312100
Montrose Beach,5/31/2014 22:00,17,2.18,1.373,0.2,3,11.8,5/31/2014 22:00,MontroseBeach201405312200
Montrose Beach,5/31/2014 23:00,16.7,2.09,1.392,0.204,3,11.8,5/31/2014 23:00,MontroseBeach201405312300
Montrose Beach,6/1/2014 0:00,16.3,2.04,1.394,0.194,2,11.7,6/1/2014 0:00,MontroseBeach201406012400
Montrose Beach,6/1/2014 1:00,16.2,1.95,1.412,0.191,3,11.8,6/1/2014 1:00,MontroseBeach201406010100
Montrose Beach,6/1/2014 2:00,16,1.7,1.438,0.192,3,11.7,6/1/2014 2:00,MontroseBeach201406010200
Montrose Beach,6/1/2014 3:00,15.7,1.16,1.386,0.186,3,11.7,6/1/2014 3:00,MontroseBeach201406010300
Montrose Beach,6/1/2014 4:00,15.4,0.86,1.419,0.176,3,11.7,6/1/2014 4:00,MontroseBeach201406010400
Montrose Beach,6/1/2014 5:00,15.3,0.62,1.399,0.162,3,11.7,6/1/2014 5:00,MontroseBeach201406010500
Montrose Beach,6/1/2014 6:00,15.1,0.54,1.385,0.154,3,11.7,6/1/2014 6:00,MontroseBeach201406010600
Montrose Beach,6/1/2014 7:00,15.1,0.49,1.381,0.152,6,11.7,6/1/2014 7:00,MontroseBeach201406010700
Montrose Beach,6/1/2014 8:00,15.2,0.43,1.362,0.151,3,11.7,6/1/2014 8:00,MontroseBeach201406010800
Montrose Beach,6/1/2014 9:00,15.3,0.36,1.391,0.16,3,11.7,6/1/2014 9:00,MontroseBeach201406010900
Montrose Beach,6/1/2014 10:00,15.6,0.33,1.358,0.163,3,11.7,6/1/2014 10:00,MontroseBeach201406011000
Montrose Beach,6/1/2014 11:00,15.8,0.33,1.362,0.175,3,11.7,6/1/2014 11:00,MontroseBeach201406011100
Montrose Beach,6/1/2014 12:00,16,0.4,1.364,0.155,3,11.7,6/1/2014 12:00,MontroseBeach201406011200
Montrose Beach,6/1/2014 13:00,16.2,0.35,1.363,0.156,3,11.7,6/1/2014 13:00,MontroseBeach201406011300
Montrose Beach,6/1/2014 14:00,16.3,0.32,1.359,0.138,3,11.7,6/1/2014 14:00,MontroseBeach201406011400
Montrose Beach,6/1/2014 15:00,16.3,0.36,1.321,0.165,3,11.7,6/1/2014 15:00,MontroseBeach201406011500
Montrose Beach,6/1/2014 16:00,16.3,0.43,1.319,0.145,2,11.7,6/1/2014 16:00,MontroseBeach201406011600
Montrose Beach,6/1/2014 17:00,16.3,0.49,1.328,0.179,4,11.7,6/1/2014 17:00,MontroseBeach201406011700
Montrose Beach,6/1/2014 18:00,16.4,0.5,1.309,0.12,7,11.7,6/1/2014 18:00,MontroseBeach201406011800
Montrose Beach,6/1/2014 19:00,16.2,0.53,1.327,0.123,6,11.7,6/1/2014 19:00,MontroseBeach201406011900
Montrose Beach,6/1/2014 20:00,16.1,0.55,1.349,0.106,5,11.7,6/1/2014 20:00,MontroseBeach201406012000
Montrose Beach,6/1/2014 21:00,16.2,0.55,1.315,0.116,3,11.7,6/1/2014 21:00,MontroseBeach201406012100
Montrose Beach,6/1/2014 22:00,16.3,0.44,1.327,0.111,3,11.7,6/1/2014 22:00,MontroseBeach201406012200
Montrose Beach,6/1/2014 23:00,16.4,0.43,1.279,0.107,9,11.7,6/1/2014 23:00,MontroseBeach201406012300
Montrose Beach,6/2/2014 0:00,16.1,0.44,1.365,0.11,7,11.7,6/2/2014 0:00,MontroseBeach201406022400
Montrose Beach,6/2/2014 1:00,16.2,0.44,1.257,0.105,3,11.7,6/2/2014 1:00,MontroseBeach201406020100
Montrose Beach,6/2/2014 2:00,16.1,0.43,1.243,0.105,3,11.7,6/2/2014 2:00,MontroseBeach201406020200
Montrose Beach,6/2/2014 3:00,16.2,0.44,1.248,0.098,3,11.7,6/2/2014 3:00,MontroseBeach201406020300
Montrose Beach,6/2/2014 4:00,16.3,0.42,1.311,0.108,4,11.7,6/2/2014 4:00,MontroseBeach201406020400
Montrose Beach,6/2/2014 5:00,16.3,0.48,1.323,0.101,4,11.7,6/2/2014 5:00,MontroseBeach201406020500
Montrose Beach,6/2/2014 6:00,16.4,0.39,1.388,0.099,3,11.7,6/2/2014 6:00,MontroseBeach201406020600
Montrose Beach,6/2/2014 7:00,16.4,0.42,1.285,0.098,3,11.7,6/2/2014 7:00,MontroseBeach201406020700
Montrose Beach,6/2/2014 8:00,16.1,0.36,1.228,0.095,4,11.7,6/2/2014 8:00,MontroseBeach201406020800
Montrose Beach,6/2/2014 9:00,16.2,0.42,1.273,0.106,3,11.7,6/2/2014 9:00,MontroseBeach201406020900
Montrose Beach,6/2/2014 10:00,16.6,0.39,1.181,0.118,4,11.7,6/2/2014 10:00,MontroseBeach201406021000
Montrose Beach,6/2/2014 11:00,16.5,0.37,1.184,0.118,3,11.7,6/2/2014 11:00,MontroseBeach201406021100
Montrose Beach,6/2/2014 12:00,16.8,0.36,1.205,0.122,4,11.7,6/2/2014 12:00,MontroseBeach201406021200
Montrose Beach,6/2/2014 13:00,17.7,0.39,1.186,0.113,4,11.7,6/2/2014 13:00,MontroseBeach201406021300
Montrose Beach,6/2/2014 14:00,17.9,0.6,1.259,0.102,4,11.7,6/2/2014 14:00,MontroseBeach201406021400
Montrose Beach,6/2/2014 15:00,17.4,0.38,1.282,0.106,4,11.7,6/2/2014 15:00,MontroseBeach201406021500
Montrose Beach,6/2/2014 16:00,17.3,0.35,1.272,0.103,10,11.7,6/2/2014 16:00,MontroseBeach201406021600
Montrose Beach,6/2/2014 17:00,17.3,0.3,1.272,0.101,3,11.7,6/2/2014 17:00,MontroseBeach201406021700
Montrose Beach,6/2/2014 18:00,17.2,0.29,1.308,0.116,7,11.7,6/2/2014 18:00,MontroseBeach201406021800
Montrose Beach,6/2/2014 19:00,17,0.29,1.25,0.106,6,11.7,6/2/2014 19:00,MontroseBeach201406021900
Montrose Beach,6/2/2014 20:00,16.8,0.31,1.316,0.123,4,11.7,6/2/2014 20:00,MontroseBeach201406022000
Montrose Beach,6/2/2014 21:00,16.9,0.33,1.242,0.106,4,11.7,6/2/2014 21:00,MontroseBeach201406022100
Montrose Beach,6/2/2014 22:00,16.8,0.34,1.332,0.099,3,11.7,6/2/2014 22:00,MontroseBeach201406022200
Montrose Beach,6/2/2014 23:00,16.5,0.3,1.208,0.097,3,11.7,6/2/2014 23:00,MontroseBeach201406022300
Montrose Beach,6/3/2014 0:00,16.3,0.31,1.241,0.096,8,11.7,6/3/2014 0:00,MontroseBeach201406032400
Montrose Beach,6/3/2014 1:00,16.1,0.31,1.192,0.092,4,11.7,6/3/2014 1:00,MontroseBeach201406030100
Montrose Beach,6/3/2014 2:00,16,0.27,1.3,0.087,5,11.7,6/3/2014 2:00,MontroseBeach201406030200
Montrose Beach,6/3/2014 3:00,16.1,0.29,1.28,0.083,5,11.7,6/3/2014 3:00,MontroseBeach201406030300
Montrose Beach,6/3/2014 4:00,15.8,0.27,1.243,0.082,5,11.7,6/3/2014 4:00,MontroseBeach201406030400
Montrose Beach,6/3/2014 5:00,15.7,0.28,1.216,0.079,5,11.7,6/3/2014 5:00,MontroseBeach201406030500
Montrose Beach,6/3/2014 6:00,15.6,0.28,1.291,0.086,7,11.7,6/3/2014 6:00,MontroseBeach201406030600
Montrose Beach,6/3/2014 7:00,15.6,0.25,1.287,0.088,4,11.7,6/3/2014 7:00,MontroseBeach201406030700
Montrose Beach,6/3/2014 8:00,15.6,0.25,1.29,0.117,2,11.7,6/3/2014 8:00,MontroseBeach201406030800
Montrose Beach,6/3/2014 10:00,15.6,0.26,1.28,0.168,3,11.7,6/3/2014 10:00,MontroseBeach201406031000
Montrose Beach,6/3/2014 11:00,15.7,0.24,1.309,0.181,2,11.6,6/3/2014 11:00,MontroseBeach201406031100
Montrose Beach,6/3/2014 12:00,15.9,0.21,1.255,0.192,2,11.7,6/3/2014 12:00,MontroseBeach201406031200
Montrose Beach,6/3/2014 13:00,16.2,0.19,1.34,0.21,3,11.6,6/3/2014 13:00,MontroseBeach201406031300
Montrose Beach,6/3/2014 14:00,16.5,0.18,1.307,0.17,2,11.6,6/3/2014 14:00,MontroseBeach201406031400
Montrose Beach,6/3/2014 15:00,17,0.15,1.308,0.173,3,11.6,6/3/2014 15:00,MontroseBeach201406031500
Montrose Beach,6/3/2014 16:00,19.7,1.41,1.291,0.15,3,11.6,6/3/2014 16:00,MontroseBeach201406031600
Montrose Beach,6/3/2014 17:00,17.7,0.43,1.257,0.131,3,11.6,6/3/2014 17:00,MontroseBeach201406031700
Montrose Beach,6/3/2014 18:00,16.9,0.25,1.329,0.134,7,11.6,6/3/2014 18:00,MontroseBeach201406031800
Montrose Beach,6/3/2014 19:00,16.4,0.2,1.317,0.136,4,11.6,6/3/2014 19:00,MontroseBeach201406031900
Montrose Beach,6/3/2014 20:00,16.3,0.2,1.287,0.17,4,11.6,6/3/2014 20:00,MontroseBeach201406032000
Montrose Beach,6/3/2014 21:00,16.2,0.21,1.279,0.106,3,11.6,6/3/2014 21:00,MontroseBeach201406032100
Montrose Beach,6/3/2014 22:00,16.1,0.19,1.266,0.123,4,11.6,6/3/2014 22:00,MontroseBeach201406032200
Montrose Beach,6/4/2014 7:00,15.7,0.21,1.296,0.119,4,11.6,6/4/2014 7:00,MontroseBeach201406040700
Montrose Beach,6/3/2014 23:00,16,0.24,1.239,0.093,3,11.6,6/3/2014 23:00,MontroseBeach201406032300
Montrose Beach,6/4/2014 0:00,16,0.19,1.245,0.1,8,11.6,6/4/2014 0:00,MontroseBeach201406042400
Montrose Beach,6/4/2014 1:00,16,0.27,1.331,0.097,3,11.6,6/4/2014 1:00,MontroseBeach201406040100
Montrose Beach,6/4/2014 2:00,16,0.27,1.279,0.102,5,11.6,6/4/2014 2:00,MontroseBeach201406040200
Montrose Beach,6/4/2014 3:00,15.9,0.26,1.28,0.102,4,11.6,6/4/2014 3:00,MontroseBeach201406040300
Montrose Beach,6/4/2014 4:00,15.8,0.29,1.316,0.1,4,11.6,6/4/2014 4:00,MontroseBeach201406040400
Montrose Beach,6/4/2014 5:00,15.8,0.3,1.321,0.105,3,11.6,6/4/2014 5:00,MontroseBeach201406040500
Montrose Beach,6/4/2014 6:00,15.7,0.22,1.338,0.109,3,11.6,6/4/2014 6:00,MontroseBeach201406040600
Montrose Beach,6/4/2014 8:00,15.7,0.21,1.311,0.15,2,11.6,6/4/2014 8:00,MontroseBeach201406040800
Montrose Beach,6/4/2014 9:00,15.7,0.17,1.305,0.157,2,11.6,6/4/2014 9:00,MontroseBeach201406040900
Montrose Beach,6/4/2014 10:00,15.7,0.19,1.313,0.165,3,11.6,6/4/2014 10:00,MontroseBeach201406041000
Montrose Beach,6/4/2014 11:00,15.7,0.22,1.333,0.247,2,11.6,6/4/2014 11:00,MontroseBeach201406041100
Montrose Beach,6/4/2014 12:00,15.7,0.63,1.29,0.317,3,11.6,6/4/2014 12:00,MontroseBeach201406041200
Montrose Beach,6/4/2014 13:00,15.8,2.47,1.273,0.358,3,11.6,6/4/2014 13:00,MontroseBeach201406041300
Montrose Beach,6/4/2014 14:00,15.8,2.38,1.377,0.351,3,11.6,6/4/2014 14:00,MontroseBeach201406041400
Montrose Beach,6/4/2014 15:00,16,3.51,1.31,0.323,3,11.6,6/4/2014 15:00,MontroseBeach201406041500
Montrose Beach,6/4/2014 17:00,16.2,2.7,1.372,0.315,3,11.6,6/4/2014 17:00,MontroseBeach201406041700
Montrose Beach,6/4/2014 18:00,16.2,3.15,1.362,0.294,3,11.6,6/4/2014 18:00,MontroseBeach201406041800
Montrose Beach,6/4/2014 19:00,16.2,4.13,1.357,0.317,3,11.6,6/4/2014 19:00,MontroseBeach201406041900
Montrose Beach,6/4/2014 20:00,16.2,4.02,1.386,0.31,3,11.6,6/4/2014 20:00,MontroseBeach201406042000
Montrose Beach,6/4/2014 21:00,16.1,3.78,1.361,0.304,3,11.6,6/4/2014 21:00,MontroseBeach201406042100
Montrose Beach,6/4/2014 22:00,16.1,3.63,1.337,0.287,3,11.6,6/4/2014 22:00,MontroseBeach201406042200
Montrose Beach,6/4/2014 23:00,16.1,3.99,1.354,0.283,3,11.6,6/4/2014 23:00,MontroseBeach201406042300
Montrose Beach,6/5/2014 0:00,16,2.85,1.358,0.254,3,11.6,6/5/2014 0:00,MontroseBeach201406052400
Montrose Beach,6/5/2014 1:00,16,3.25,1.411,0.213,3,11.6,6/5/2014 1:00,MontroseBeach201406050100
Montrose Beach,6/5/2014 2:00,16,3.27,1.382,0.225,3,11.6,6/5/2014 2:00,MontroseBeach201406050200
Montrose Beach,6/5/2014 3:00,15.9,3.56,1.386,0.235,3,11.6,6/5/2014 3:00,MontroseBeach201406050300
Montrose Beach,6/5/2014 4:00,15.9,2.93,1.374,0.23,3,11.5,6/5/2014 4:00,MontroseBeach201406050400
Montrose Beach,6/5/2014 5:00,15.7,3.76,1.388,0.272,3,11.5,6/5/2014 5:00,MontroseBeach201406050500
Montrose Beach,6/5/2014 6:00,15.6,2.88,1.382,0.259,3,11.5,6/5/2014 6:00,MontroseBeach201406050600
Montrose Beach,6/5/2014 7:00,15.6,3.6,1.471,0.272,3,11.5,6/5/2014 7:00,MontroseBeach201406050700
Montrose Beach,6/5/2014 8:00,15.7,3.27,1.368,0.248,3,11.5,6/5/2014 8:00,MontroseBeach201406050800
Montrose Beach,6/5/2014 9:00,15.8,3.11,1.432,0.223,3,11.5,6/5/2014 9:00,MontroseBeach201406050900
Montrose Beach,6/5/2014 10:00,16.1,2.82,1.363,0.226,3,11.5,6/5/2014 10:00,MontroseBeach201406051000
Montrose Beach,6/5/2014 11:00,16.4,3.05,1.459,0.237,3,11.5,6/5/2014 11:00,MontroseBeach201406051100
Montrose Beach,6/5/2014 12:00,16.8,2.61,1.412,0.22,3,11.5,6/5/2014 12:00,MontroseBeach201406051200
Montrose Beach,6/5/2014 13:00,17.1,2.07,1.356,0.198,3,11.5,6/5/2014 13:00,MontroseBeach201406051300
Montrose Beach,6/5/2014 14:00,17.5,1.84,1.352,0.194,2,11.5,6/5/2014 14:00,MontroseBeach201406051400
Montrose Beach,6/5/2014 15:00,17.9,1.72,1.339,0.177,3,11.5,6/5/2014 15:00,MontroseBeach201406051500
Montrose Beach,6/5/2014 16:00,19.3,1.76,1.36,0.175,3,11.5,6/5/2014 16:00,MontroseBeach201406051600
Montrose Beach,6/5/2014 17:00,19.7,1.84,1.386,0.167,3,11.5,6/5/2014 17:00,MontroseBeach201406051700
Montrose Beach,6/5/2014 18:00,20,3.03,1.406,0.159,3,11.5,6/5/2014 18:00,MontroseBeach201406051800
Montrose Beach,6/5/2014 19:00,19.5,2.8,1.37,0.17,3,11.5,6/5/2014 19:00,MontroseBeach201406051900
Montrose Beach,6/5/2014 20:00,18.9,2.36,1.383,0.163,3,11.5,6/5/2014 20:00,MontroseBeach201406052000
Montrose Beach,6/5/2014 21:00,19.1,2.57,1.355,0.137,3,11.5,6/5/2014 21:00,MontroseBeach201406052100
Montrose Beach,6/5/2014 22:00,18.9,1.93,1.37,0.134,3,11.5,6/5/2014 22:00,MontroseBeach201406052200
Montrose Beach,6/5/2014 23:00,18,1.97,1.292,0.122,2,11.5,6/5/2014 23:00,MontroseBeach201406052300
Montrose Beach,6/6/2014 0:00,17.6,1.54,1.345,0.118,8,11.5,6/6/2014 0:00,MontroseBeach201406062400
Montrose Beach,6/6/2014 1:00,17.5,1.43,1.273,0.119,4,11.5,6/6/2014 1:00,MontroseBeach201406060100
Montrose Beach,6/6/2014 2:00,17.3,1.27,1.327,0.125,6,11.5,6/6/2014 2:00,MontroseBeach201406060200
Montrose Beach,6/6/2014 3:00,16.9,1.03,1.398,0.103,5,11.5,6/6/2014 3:00,MontroseBeach201406060300
Montrose Beach,6/6/2014 4:00,16.8,1.11,1.407,0.104,3,11.5,6/6/2014 4:00,MontroseBeach201406060400
Montrose Beach,6/6/2014 5:00,16.7,1.04,1.387,0.094,4,11.5,6/6/2014 5:00,MontroseBeach201406060500
Montrose Beach,6/6/2014 6:00,16.7,0.96,1.371,0.092,2,11.5,6/6/2014 6:00,MontroseBeach201406060600
Montrose Beach,6/6/2014 7:00,16.7,0.97,1.345,0.088,4,11.5,6/6/2014 7:00,MontroseBeach201406060700
Montrose Beach,6/6/2014 8:00,16.8,0.91,1.371,0.081,2,11.5,6/6/2014 8:00,MontroseBeach201406060800
Montrose Beach,6/6/2014 9:00,16.9,0.79,1.409,0.091,3,11.5,6/6/2014 9:00,MontroseBeach201406060900
Montrose Beach,6/6/2014 10:00,17.1,0.67,1.368,0.087,4,11.5,6/6/2014 10:00,MontroseBeach201406061000
Montrose Beach,6/6/2014 11:00,17.4,0.62,1.35,0.097,3,11.5,6/6/2014 11:00,MontroseBeach201406061100
Montrose Beach,6/6/2014 12:00,17.6,0.65,1.387,0.124,6,11.5,6/6/2014 12:00,MontroseBeach201406061200
Montrose Beach,6/6/2014 13:00,17.8,0.55,1.413,0.152,3,11.5,6/6/2014 13:00,MontroseBeach201406061300
Montrose Beach,6/6/2014 14:00,18,0.5,1.37,0.117,2,11.5,6/6/2014 14:00,MontroseBeach201406061400
Montrose Beach,6/6/2014 15:00,18.9,0.57,1.355,0.112,2,11.5,6/6/2014 15:00,MontroseBeach201406061500
Montrose Beach,6/6/2014 16:00,19.3,0.47,1.369,0.097,5,11.5,6/6/2014 16:00,MontroseBeach201406061600
Montrose Beach,6/6/2014 17:00,19.4,0.42,1.363,0.102,8,11.5,6/6/2014 17:00,MontroseBeach201406061700
Montrose Beach,6/6/2014 18:00,18.8,0.28,1.427,0.129,7,11.5,6/6/2014 18:00,MontroseBeach201406061800
Montrose Beach,6/6/2014 19:00,19.3,0.45,1.418,0.155,4,11.5,6/6/2014 19:00,MontroseBeach201406061900
Montrose Beach,6/6/2014 20:00,18.4,0.31,1.4,0.166,2,11.5,6/6/2014 20:00,MontroseBeach201406062000
Montrose Beach,6/6/2014 21:00,17.9,0.26,1.392,0.158,2,11.5,6/6/2014 21:00,MontroseBeach201406062100
Montrose Beach,6/6/2014 22:00,17.2,0.27,1.392,0.14,2,11.5,6/6/2014 22:00,MontroseBeach201406062200
Montrose Beach,6/6/2014 23:00,16.8,0.34,1.429,0.132,2,11.5,6/6/2014 23:00,MontroseBeach201406062300
Montrose Beach,6/7/2014 0:00,16.4,0.22,1.398,0.123,4,11.5,6/7/2014 0:00,MontroseBeach201406072400
Montrose Beach,6/7/2014 1:00,16.3,0.38,1.401,0.114,7,11.5,6/7/2014 1:00,MontroseBeach201406070100
Montrose Beach,6/7/2014 2:00,16.2,0.25,1.369,0.121,4,11.5,6/7/2014 2:00,MontroseBeach201406070200
Montrose Beach,6/7/2014 3:00,16.2,0.28,1.393,0.104,4,11.5,6/7/2014 3:00,MontroseBeach201406070300
Montrose Beach,6/7/2014 13:00,17,0.07,1.358,0.141,3,11.5,6/7/2014 13:00,MontroseBeach201406071300
Montrose Beach,6/7/2014 4:00,16.3,0.25,1.379,0.091,4,11.5,6/7/2014 4:00,MontroseBeach201406070400
Montrose Beach,6/7/2014 9:00,16.5,0.22,1.436,0.084,4,11.5,6/7/2014 9:00,MontroseBeach201406070900
Montrose Beach,6/8/2014 18:00,15.5,25.1,1.671,0.436,6,11.4,6/8/2014 18:00,MontroseBeach201406081800
Montrose Beach,6/7/2014 5:00,16.2,0.3,1.391,0.093,4,11.5,6/7/2014 5:00,MontroseBeach201406070500
Montrose Beach,6/7/2014 6:00,16.2,0.32,1.402,0.083,4,11.5,6/7/2014 6:00,MontroseBeach201406070600
Montrose Beach,6/7/2014 7:00,16.4,0.29,1.418,0.086,3,11.5,6/7/2014 7:00,MontroseBeach201406070700
Montrose Beach,6/7/2014 8:00,16.4,0.41,1.437,0.088,4,11.5,6/7/2014 8:00,MontroseBeach201406070800
Montrose Beach,6/7/2014 10:00,16.5,0.24,1.373,0.081,2,11.5,6/7/2014 10:00,MontroseBeach201406071000
Montrose Beach,6/7/2014 11:00,16.6,0.2,1.397,0.095,3,11.5,6/7/2014 11:00,MontroseBeach201406071100
Montrose Beach,6/7/2014 14:00,16.6,0.13,1.393,0.117,6,11.5,6/7/2014 14:00,MontroseBeach201406071400
Montrose Beach,6/7/2014 12:00,16.8,0.12,1.374,0.12,3,11.5,6/7/2014 12:00,MontroseBeach201406071200
Montrose Beach,6/7/2014 16:00,16.8,0.18,1.333,0.144,5,11.5,6/7/2014 16:00,MontroseBeach201406071600
Montrose Beach,6/7/2014 15:00,16.8,0.16,1.33,0.121,2,11.5,6/7/2014 15:00,MontroseBeach201406071500
Montrose Beach,6/8/2014 1:00,16.9,1.48,1.406,0.344,3,11.4,6/8/2014 1:00,MontroseBeach201406080100
Montrose Beach,6/7/2014 17:00,16.5,0.28,1.371,0.162,4,11.5,6/7/2014 17:00,MontroseBeach201406071700
Montrose Beach,6/7/2014 18:00,17.1,0.33,1.358,0.177,7,11.5,6/7/2014 18:00,MontroseBeach201406071800
Montrose Beach,6/7/2014 19:00,17.3,0.33,1.333,0.185,2,11.5,6/7/2014 19:00,MontroseBeach201406071900
Montrose Beach,6/7/2014 20:00,18,0.65,1.384,0.222,3,11.5,6/7/2014 20:00,MontroseBeach201406072000
Montrose Beach,6/7/2014 21:00,17.7,0.51,1.381,0.222,2,11.5,6/7/2014 21:00,MontroseBeach201406072100
Montrose Beach,6/7/2014 22:00,17.1,0.32,1.425,0.233,3,11.5,6/7/2014 22:00,MontroseBeach201406072200
Montrose Beach,6/7/2014 23:00,16.9,0.45,1.458,0.243,3,11.5,6/7/2014 23:00,MontroseBeach201406072300
Montrose Beach,6/8/2014 0:00,17.2,1.49,1.414,0.294,3,11.4,6/8/2014 0:00,MontroseBeach201406082400
Montrose Beach,6/8/2014 2:00,16.6,2.17,1.415,0.352,4,11.4,6/8/2014 2:00,MontroseBeach201406080200
Montrose Beach,6/8/2014 3:00,16.6,2.13,1.418,0.326,3,11.4,6/8/2014 3:00,MontroseBeach201406080300
Montrose Beach,6/8/2014 4:00,16.1,2.51,1.433,0.394,4,11.4,6/8/2014 4:00,MontroseBeach201406080400
Montrose Beach,6/8/2014 5:00,16.4,5.2,1.486,0.472,4,11.4,6/8/2014 5:00,MontroseBeach201406080500
Montrose Beach,6/8/2014 6:00,16.3,8.19,1.554,0.45,5,11.4,6/8/2014 6:00,MontroseBeach201406080600
Montrose Beach,6/8/2014 7:00,16.2,10.43,1.591,0.473,6,11.4,6/8/2014 7:00,MontroseBeach201406080700
Montrose Beach,6/8/2014 8:00,16.2,12.28,1.625,0.479,5,11.4,6/8/2014 8:00,MontroseBeach201406080800
Montrose Beach,6/8/2014 9:00,16.1,13.13,1.62,0.473,5,11.4,6/8/2014 9:00,MontroseBeach201406080900
Montrose Beach,6/8/2014 23:00,15.5,24.11,1.663,0.391,5,11.4,6/8/2014 23:00,MontroseBeach201406082300
Montrose Beach,6/9/2014 0:00,15.2,22.93,1.662,0.389,5,11.4,6/9/2014 0:00,MontroseBeach201406092400
Montrose Beach,6/8/2014 10:00,16.3,14.5,1.62,0.462,6,11.4,6/8/2014 10:00,MontroseBeach201406081000
Montrose Beach,6/8/2014 20:00,15.4,25.96,1.647,0.433,5,11.4,6/8/2014 20:00,MontroseBeach201406082000
Montrose Beach,6/8/2014 11:00,16.3,21.62,1.668,0.515,6,11.4,6/8/2014 11:00,MontroseBeach201406081100
Montrose Beach,6/8/2014 12:00,16.6,21.88,1.719,0.526,6,11.4,6/8/2014 12:00,MontroseBeach201406081200
Montrose Beach,6/8/2014 13:00,16.6,22.86,1.645,0.492,6,11.4,6/8/2014 13:00,MontroseBeach201406081300
Montrose Beach,6/8/2014 14:00,16.8,25.56,1.673,0.503,6,11.4,6/8/2014 14:00,MontroseBeach201406081400
Montrose Beach,6/9/2014 3:00,15.1,22.43,1.616,0.381,5,11.4,6/9/2014 3:00,MontroseBeach201406090300
Montrose Beach,6/9/2014 11:00,15.4,20.43,1.628,0.28,4,11.3,6/9/2014 11:00,MontroseBeach201406091100
Montrose Beach,6/8/2014 15:00,16.3,23.48,1.606,0.485,6,11.4,6/8/2014 15:00,MontroseBeach201406081500
Montrose Beach,6/8/2014 16:00,16.2,25.16,1.628,0.489,6,11.4,6/8/2014 16:00,MontroseBeach201406081600
Montrose Beach,6/8/2014 17:00,16,27.82,1.632,0.47,6,11.4,6/8/2014 17:00,MontroseBeach201406081700
Montrose Beach,6/8/2014 21:00,15.7,29.84,1.639,0.435,5,11.4,6/8/2014 21:00,MontroseBeach201406082100
Montrose Beach,6/9/2014 10:00,15.1,20.41,1.646,0.3,4,11.3,6/9/2014 10:00,MontroseBeach201406091000
Montrose Beach,6/9/2014 16:00,16.5,24.59,1.588,0.312,3,11.3,6/9/2014 16:00,MontroseBeach201406091600
Montrose Beach,6/8/2014 19:00,16,27.41,1.641,0.433,5,11.4,6/8/2014 19:00,MontroseBeach201406081900
Montrose Beach,6/8/2014 22:00,15.6,22.97,1.632,0.406,5,11.4,6/8/2014 22:00,MontroseBeach201406082200
Montrose Beach,6/9/2014 1:00,15.1,22.66,1.636,0.356,5,11.4,6/9/2014 1:00,MontroseBeach201406090100
Montrose Beach,6/9/2014 2:00,15,20.44,1.655,0.356,5,11.4,6/9/2014 2:00,MontroseBeach201406090200
Montrose Beach,6/9/2014 5:00,14.8,26.85,1.608,0.356,6,11.4,6/9/2014 5:00,MontroseBeach201406090500
Montrose Beach,6/9/2014 4:00,15.1,27.43,1.61,0.37,4,11.4,6/9/2014 4:00,MontroseBeach201406090400
Montrose Beach,6/9/2014 6:00,14.7,27.56,1.587,0.32,5,11.4,6/9/2014 6:00,MontroseBeach201406090600
Montrose Beach,6/9/2014 7:00,14.7,24.67,1.623,0.326,5,11.3,6/9/2014 7:00,MontroseBeach201406090700
Montrose Beach,6/9/2014 8:00,14.8,23.8,1.634,0.324,4,11.3,6/9/2014 8:00,MontroseBeach201406090800
Montrose Beach,6/9/2014 9:00,15,22.61,1.647,0.313,4,11.3,6/9/2014 9:00,MontroseBeach201406090900
Montrose Beach,6/9/2014 12:00,15.6,23.42,1.65,0.289,3,11.3,6/9/2014 12:00,MontroseBeach201406091200
Montrose Beach,6/9/2014 13:00,15.9,23.26,1.604,0.278,3,11.3,6/9/2014 13:00,MontroseBeach201406091300
Montrose Beach,6/9/2014 14:00,16.1,22.69,1.671,0.314,3,11.3,6/9/2014 14:00,MontroseBeach201406091400
Montrose Beach,6/9/2014 15:00,16.3,24.59,1.605,0.324,3,11.3,6/9/2014 15:00,MontroseBeach201406091500
Montrose Beach,6/9/2014 17:00,16.6,25.45,1.614,0.33,3,11.3,6/9/2014 17:00,MontroseBeach201406091700
Montrose Beach,6/9/2014 18:00,16.5,26.29,1.597,0.295,3,11.3,6/9/2014 18:00,MontroseBeach201406091800
Montrose Beach,6/9/2014 19:00,16.4,26.67,1.653,0.299,3,11.3,6/9/2014 19:00,MontroseBeach201406091900
Montrose Beach,6/9/2014 20:00,16.4,25.89,1.576,0.303,3,11.3,6/9/2014 20:00,MontroseBeach201406092000
Montrose Beach,6/9/2014 21:00,16.5,26.98,1.633,0.303,3,11.3,6/9/2014 21:00,MontroseBeach201406092100
Montrose Beach,6/9/2014 22:00,16.2,24.35,1.608,0.268,3,11.3,6/9/2014 22:00,MontroseBeach201406092200
Montrose Beach,6/9/2014 23:00,16.2,24.91,1.675,0.284,3,11.3,6/9/2014 23:00,MontroseBeach201406092300
Montrose Beach,6/10/2014 0:00,16.2,23.49,1.606,0.271,3,11.3,6/10/2014 0:00,MontroseBeach201406102400
Montrose Beach,6/10/2014 1:00,16.2,23.45,1.635,0.261,3,11.3,6/10/2014 1:00,MontroseBeach201406100100
Montrose Beach,6/10/2014 2:00,16.1,24.22,1.569,0.262,3,11.3,6/10/2014 2:00,MontroseBeach201406100200
Montrose Beach,6/10/2014 3:00,16,27.1,1.642,0.247,4,11.3,6/10/2014 3:00,MontroseBeach201406100300
Montrose Beach,6/10/2014 4:00,16,24.79,1.589,0.264,3,11.3,6/10/2014 4:00,MontroseBeach201406100400
Montrose Beach,6/10/2014 5:00,15.9,25.78,1.622,0.267,4,11.3,6/10/2014 5:00,MontroseBeach201406100500
Montrose Beach,6/10/2014 6:00,15.8,25.29,1.555,0.293,3,11.3,6/10/2014 6:00,MontroseBeach201406100600
Montrose Beach,6/10/2014 7:00,15.8,27.6,1.614,0.287,3,11.3,6/10/2014 7:00,MontroseBeach201406100700
Montrose Beach,6/10/2014 8:00,15.8,24.67,1.573,0.284,3,11.3,6/10/2014 8:00,MontroseBeach201406100800
Montrose Beach,6/10/2014 9:00,15.7,27.8,1.632,0.286,3,11.3,6/10/2014 9:00,MontroseBeach201406100900
Montrose Beach,6/10/2014 10:00,15.8,25.19,1.654,0.298,3,11.3,6/10/2014 10:00,MontroseBeach201406101000
Montrose Beach,6/10/2014 11:00,15.9,24.74,1.614,0.274,3,11.3,6/10/2014 11:00,MontroseBeach201406101100
Montrose Beach,6/10/2014 12:00,15.9,23.64,1.625,0.279,3,11.3,6/10/2014 12:00,MontroseBeach201406101200
Montrose Beach,6/10/2014 13:00,15.9,25.25,1.622,0.319,3,11.3,6/10/2014 13:00,MontroseBeach201406101300
Montrose Beach,6/10/2014 14:00,15.9,22.89,1.648,0.313,3,11.3,6/10/2014 14:00,MontroseBeach201406101400
Montrose Beach,6/10/2014 15:00,15.8,23.63,1.632,0.319,3,11.3,6/10/2014 15:00,MontroseBeach201406101500
Montrose Beach,6/10/2014 16:00,15.8,21.3,1.599,0.336,3,11.3,6/10/2014 16:00,MontroseBeach201406101600
Montrose Beach,6/10/2014 17:00,15.8,22.1,1.583,0.335,3,11.3,6/10/2014 17:00,MontroseBeach201406101700
Montrose Beach,6/10/2014 18:00,15.8,22.12,1.597,0.355,4,11.3,6/10/2014 18:00,MontroseBeach201406101800
Montrose Beach,6/10/2014 19:00,15.7,21.89,1.603,0.376,4,11.3,6/10/2014 19:00,MontroseBeach201406101900
Montrose Beach,6/10/2014 20:00,15.6,17.97,1.614,0.356,4,11.3,6/10/2014 20:00,MontroseBeach201406102000
Montrose Beach,6/10/2014 21:00,15.6,18.58,1.638,0.383,4,11.3,6/10/2014 21:00,MontroseBeach201406102100
Montrose Beach,6/10/2014 22:00,15.6,22.51,1.62,0.42,4,11.3,6/10/2014 22:00,MontroseBeach201406102200
Montrose Beach,6/10/2014 23:00,15.5,23.9,1.646,0.427,4,11.3,6/10/2014 23:00,MontroseBeach201406102300
Montrose Beach,6/11/2014 0:00,15.5,24.98,1.619,0.409,4,11.3,6/11/2014 0:00,MontroseBeach201406112400
Montrose Beach,6/11/2014 1:00,15.4,22.81,1.614,0.41,4,11.3,6/11/2014 1:00,MontroseBeach201406110100
Montrose Beach,6/11/2014 2:00,15.4,23.43,1.614,0.45,4,11.3,6/11/2014 2:00,MontroseBeach201406110200
Montrose Beach,6/11/2014 3:00,15.4,23.19,1.576,0.415,4,11.3,6/11/2014 3:00,MontroseBeach201406110300
Montrose Beach,6/11/2014 4:00,15.3,22.57,1.582,0.466,5,11.3,6/11/2014 4:00,MontroseBeach201406110400
Montrose Beach,6/11/2014 5:00,15.3,23.97,1.576,0.455,5,11.2,6/11/2014 5:00,MontroseBeach201406110500
Montrose Beach,6/11/2014 6:00,15.2,24.57,1.545,0.406,4,11.3,6/11/2014 6:00,MontroseBeach201406110600
Montrose Beach,6/11/2014 7:00,15.2,23.78,1.549,0.385,5,11.3,6/11/2014 7:00,MontroseBeach201406110700
Montrose Beach,6/11/2014 8:00,15.2,21.88,1.542,0.394,5,11.3,6/11/2014 8:00,MontroseBeach201406110800
Montrose Beach,6/11/2014 9:00,15.3,18.94,1.575,0.36,4,11.3,6/11/2014 9:00,MontroseBeach201406110900
Montrose Beach,6/11/2014 10:00,15.3,17.91,1.578,0.357,4,11.3,6/11/2014 10:00,MontroseBeach201406111000
Montrose Beach,6/11/2014 11:00,15.3,18.59,1.593,0.348,5,11.2,6/11/2014 11:00,MontroseBeach201406111100
Montrose Beach,6/11/2014 12:00,15.3,19.14,1.612,0.339,5,11.2,6/11/2014 12:00,MontroseBeach201406111200
Montrose Beach,6/11/2014 13:00,15.6,18.05,1.587,0.31,4,11.2,6/11/2014 13:00,MontroseBeach201406111300
Montrose Beach,6/11/2014 14:00,15.8,18.28,1.57,0.289,4,11.2,6/11/2014 14:00,MontroseBeach201406111400
Montrose Beach,6/11/2014 15:00,16,18.23,1.586,0.283,3,11.2,6/11/2014 15:00,MontroseBeach201406111500
Montrose Beach,6/11/2014 16:00,16,19.3,1.575,0.282,4,11.2,6/11/2014 16:00,MontroseBeach201406111600
Montrose Beach,6/11/2014 17:00,15.8,15.05,1.585,0.275,4,11.2,6/11/2014 17:00,MontroseBeach201406111700
Montrose Beach,6/11/2014 18:00,15.8,14.7,1.544,0.284,4,11.2,6/11/2014 18:00,MontroseBeach201406111800
Montrose Beach,6/11/2014 19:00,15.9,14.92,1.545,0.267,3,11.2,6/11/2014 19:00,MontroseBeach201406111900
Montrose Beach,6/11/2014 20:00,15.9,12.94,1.529,0.25,5,11.2,6/11/2014 20:00,MontroseBeach201406112000
Montrose Beach,6/11/2014 21:00,15.9,13.53,1.578,0.242,4,11.2,6/11/2014 21:00,MontroseBeach201406112100
Montrose Beach,6/13/2014 3:00,15.2,3.12,1.533,0.172,2,11.2,6/13/2014 3:00,MontroseBeach201406130300
Montrose Beach,6/13/2014 15:00,17.1,2.43,1.515,0.197,4,11.2,6/13/2014 15:00,MontroseBeach201406131500
Montrose Beach,6/11/2014 22:00,15.9,14.29,1.555,0.234,4,11.2,6/11/2014 22:00,MontroseBeach201406112200
Montrose Beach,6/11/2014 23:00,15.9,14.3,1.598,0.227,4,11.2,6/11/2014 23:00,MontroseBeach201406112300
Montrose Beach,6/12/2014 0:00,15.8,14.81,1.56,0.214,3,11.2,6/12/2014 0:00,MontroseBeach201406122400
Montrose Beach,6/12/2014 1:00,15.8,14.21,1.626,0.222,4,11.2,6/12/2014 1:00,MontroseBeach201406120100
Montrose Beach,6/12/2014 8:00,15.7,12.1,1.591,0.175,3,11.2,6/12/2014 8:00,MontroseBeach201406120800
Montrose Beach,6/12/2014 9:00,15.9,12.85,1.481,0.16,4,11.2,6/12/2014 9:00,MontroseBeach201406120900
Montrose Beach,6/12/2014 16:00,17,8.66,1.512,0.13,4,11.2,6/12/2014 16:00,MontroseBeach201406121600
Montrose Beach,6/12/2014 2:00,15.8,13.55,1.554,0.2,4,10.6,6/12/2014 2:00,MontroseBeach201406120200
Montrose Beach,6/12/2014 3:00,15.8,13.55,1.575,0.192,5,11.2,6/12/2014 3:00,MontroseBeach201406120300
Montrose Beach,6/12/2014 12:00,16.1,9.05,1.569,0.156,4,11.2,6/12/2014 12:00,MontroseBeach201406121200
Montrose Beach,6/12/2014 23:00,15.4,3.09,1.565,0.125,9,11.2,6/12/2014 23:00,MontroseBeach201406122300
Montrose Beach,6/12/2014 4:00,15.7,13.33,1.487,0.188,4,11.2,6/12/2014 4:00,MontroseBeach201406120400
Montrose Beach,6/12/2014 5:00,15.7,13.31,1.541,0.183,4,11.2,6/12/2014 5:00,MontroseBeach201406120500
Montrose Beach,6/12/2014 6:00,15.7,14.77,1.5,0.181,4,11.2,6/12/2014 6:00,MontroseBeach201406120600
Montrose Beach,6/12/2014 7:00,15.7,11.68,1.532,0.175,4,11.2,6/12/2014 7:00,MontroseBeach201406120700
Montrose Beach,6/12/2014 21:00,15.7,3.41,1.495,0.155,4,11.2,6/12/2014 21:00,MontroseBeach201406122100
Montrose Beach,6/13/2014 4:00,15.2,3.02,1.512,0.154,3,11.2,6/13/2014 4:00,MontroseBeach201406130400
Montrose Beach,6/12/2014 10:00,16.1,12.97,1.571,0.165,4,11.2,6/12/2014 10:00,MontroseBeach201406121000
Montrose Beach,6/12/2014 11:00,16.2,11.58,1.47,0.177,3,11.2,6/12/2014 11:00,MontroseBeach201406121100
Montrose Beach,6/12/2014 13:00,16.4,7.94,1.53,0.14,4,11.2,6/12/2014 13:00,MontroseBeach201406121300
Montrose Beach,6/12/2014 14:00,16.5,7.26,1.573,0.131,4,11.1,6/12/2014 14:00,MontroseBeach201406121400
Montrose Beach,6/12/2014 15:00,16.7,8.73,1.533,0.145,4,11.2,6/12/2014 15:00,MontroseBeach201406121500
Montrose Beach,6/12/2014 17:00,16.7,6.53,1.498,0.131,4,11.2,6/12/2014 17:00,MontroseBeach201406121700
Montrose Beach,6/12/2014 18:00,16.6,6.27,1.475,0.146,4,11.2,6/12/2014 18:00,MontroseBeach201406121800
Montrose Beach,6/13/2014 0:00,15.5,3.39,1.57,0.146,3,11.2,6/13/2014 0:00,MontroseBeach201406132400
Montrose Beach,6/12/2014 19:00,16.1,4.74,1.459,0.139,6,11.2,6/12/2014 19:00,MontroseBeach201406121900
Montrose Beach,6/12/2014 20:00,15.8,3.88,1.52,0.168,4,11.2,6/12/2014 20:00,MontroseBeach201406122000
Montrose Beach,6/12/2014 22:00,15.5,3.23,1.537,0.136,4,11.2,6/12/2014 22:00,MontroseBeach201406122200
Montrose Beach,6/13/2014 5:00,15.1,3.03,1.524,0.152,3,11.2,6/13/2014 5:00,MontroseBeach201406130500
Montrose Beach,6/13/2014 1:00,15.4,3.31,1.616,0.159,6,11.2,6/13/2014 1:00,MontroseBeach201406130100
Montrose Beach,6/13/2014 2:00,15.1,2.61,1.537,0.192,2,11.2,6/13/2014 2:00,MontroseBeach201406130200
Montrose Beach,6/13/2014 6:00,15,3.06,1.511,0.144,3,11.2,6/13/2014 6:00,MontroseBeach201406130600
Montrose Beach,6/13/2014 7:00,14.9,2.85,1.564,0.153,2,11.1,6/13/2014 7:00,MontroseBeach201406130700
Montrose Beach,6/13/2014 8:00,15,2.6,1.554,0.183,2,11.2,6/13/2014 8:00,MontroseBeach201406130800
Montrose Beach,6/13/2014 9:00,15.1,2.55,1.573,0.185,3,11.2,6/13/2014 9:00,MontroseBeach201406130900
Montrose Beach,6/13/2014 10:00,15.3,2.62,1.585,0.179,2,11.2,6/13/2014 10:00,MontroseBeach201406131000
Montrose Beach,6/13/2014 11:00,15.6,2.69,1.592,0.174,3,11.2,6/13/2014 11:00,MontroseBeach201406131100
Montrose Beach,6/13/2014 12:00,15.9,2.57,1.628,0.167,3,11.2,6/13/2014 12:00,MontroseBeach201406131200
Montrose Beach,6/13/2014 13:00,16.3,2.42,1.58,0.181,3,11.2,6/13/2014 13:00,MontroseBeach201406131300
Montrose Beach,6/13/2014 14:00,17.3,2.57,1.605,0.158,3,11.2,6/13/2014 14:00,MontroseBeach201406131400
Montrose Beach,6/13/2014 16:00,17.1,2.42,1.569,0.165,2,11.2,6/13/2014 16:00,MontroseBeach201406131600
Montrose Beach,6/13/2014 17:00,17,2.63,1.544,0.142,3,11.2,6/13/2014 17:00,MontroseBeach201406131700
Montrose Beach,6/13/2014 18:00,16.7,2.63,1.547,0.144,7,11.2,6/13/2014 18:00,MontroseBeach201406131800
Montrose Beach,6/13/2014 19:00,16.4,2.51,1.547,0.137,4,11.2,6/13/2014 19:00,MontroseBeach201406131900
Montrose Beach,6/13/2014 20:00,16.1,2.39,1.539,0.13,3,11.2,6/13/2014 20:00,MontroseBeach201406132000
Montrose Beach,6/13/2014 21:00,16,2.45,1.546,0.11,4,11.2,6/13/2014 21:00,MontroseBeach201406132100
Montrose Beach,6/13/2014 22:00,16,2.51,1.535,0.11,4,11.2,6/13/2014 22:00,MontroseBeach201406132200
Montrose Beach,6/13/2014 23:00,15.9,2.51,1.576,0.112,4,11.2,6/13/2014 23:00,MontroseBeach201406132300
Montrose Beach,6/14/2014 0:00,15.8,2.64,1.544,0.115,8,11.2,6/14/2014 0:00,MontroseBeach201406142400
Montrose Beach,6/14/2014 1:00,15.8,2.45,1.62,0.117,3,11.2,6/14/2014 1:00,MontroseBeach201406140100
Montrose Beach,6/16/2014 20:00,17,0.45,1.542,0.158,3,11.1,6/16/2014 20:00,MontroseBeach201406162000
Montrose Beach,6/14/2014 2:00,15.7,2.57,1.603,0.111,4,11.2,6/14/2014 2:00,MontroseBeach201406140200
Montrose Beach,6/14/2014 3:00,15.6,2.5,1.634,0.11,4,11.2,6/14/2014 3:00,MontroseBeach201406140300
Montrose Beach,6/14/2014 4:00,15.5,2.47,1.615,0.113,3,11.2,6/14/2014 4:00,MontroseBeach201406140400
Montrose Beach,6/14/2014 18:00,17.3,1.98,1.597,0.216,2,11.1,6/14/2014 18:00,MontroseBeach201406141800
Montrose Beach,6/14/2014 5:00,15.5,2.46,1.602,0.108,3,11.2,6/14/2014 5:00,MontroseBeach201406140500
Montrose Beach,6/14/2014 6:00,15.5,2.51,1.586,0.104,4,11.1,6/14/2014 6:00,MontroseBeach201406140600
Montrose Beach,6/14/2014 7:00,15.6,2.64,1.555,0.097,4,11.1,6/14/2014 7:00,MontroseBeach201406140700
Montrose Beach,6/14/2014 8:00,15.6,2.36,1.59,0.093,4,11.1,6/14/2014 8:00,MontroseBeach201406140800
Montrose Beach,6/14/2014 9:00,15.9,2.51,1.593,0.096,4,11.1,6/14/2014 9:00,MontroseBeach201406140900
Montrose Beach,6/14/2014 10:00,16.2,2.25,1.625,0.112,4,11.1,6/14/2014 10:00,MontroseBeach201406141000
Montrose Beach,6/14/2014 11:00,16.8,2.15,1.636,0.105,4,11.1,6/14/2014 11:00,MontroseBeach201406141100
Montrose Beach,6/14/2014 12:00,16.7,2.03,1.612,0.125,4,11.1,6/14/2014 12:00,MontroseBeach201406141200
Montrose Beach,6/14/2014 13:00,16.9,2.01,1.622,0.133,5,11.1,6/14/2014 13:00,MontroseBeach201406141300
Montrose Beach,6/14/2014 14:00,17,1.94,1.628,0.144,4,11.1,6/14/2014 14:00,MontroseBeach201406141400
Montrose Beach,6/14/2014 15:00,17.1,1.99,1.643,0.211,4,11.1,6/14/2014 15:00,MontroseBeach201406141500
Montrose Beach,6/14/2014 16:00,17.3,1.98,1.658,0.199,2,11.1,6/14/2014 16:00,MontroseBeach201406141600
Montrose Beach,6/14/2014 22:00,16.8,1.8,1.628,0.189,2,11.1,6/14/2014 22:00,MontroseBeach201406142200
Montrose Beach,6/14/2014 17:00,17.4,1.98,1.616,0.257,3,11.1,6/14/2014 17:00,MontroseBeach201406141700
Montrose Beach,6/14/2014 19:00,17.2,1.9,1.627,0.199,2,11.1,6/14/2014 19:00,MontroseBeach201406141900
Montrose Beach,6/14/2014 20:00,17.1,1.89,1.577,0.223,3,11.1,6/14/2014 20:00,MontroseBeach201406142000
Montrose Beach,6/15/2014 3:00,16.5,1.56,1.653,0.157,3,11.1,6/15/2014 3:00,MontroseBeach201406150300
Montrose Beach,6/14/2014 21:00,16.8,1.91,1.625,0.209,3,11.1,6/14/2014 21:00,MontroseBeach201406142100
Montrose Beach,6/14/2014 23:00,16.8,1.89,1.589,0.176,2,11.1,6/14/2014 23:00,MontroseBeach201406142300
Montrose Beach,6/15/2014 7:00,16.3,1.53,1.619,0.155,4,11.1,6/15/2014 7:00,MontroseBeach201406150700
Montrose Beach,6/15/2014 0:00,16.7,1.76,1.628,0.176,7,11.1,6/15/2014 0:00,MontroseBeach201406152400
Montrose Beach,6/15/2014 9:00,16.6,1.38,1.554,0.18,4,11.1,6/15/2014 9:00,MontroseBeach201406150900
Montrose Beach,6/15/2014 1:00,16.6,1.69,1.641,0.168,6,11.1,6/15/2014 1:00,MontroseBeach201406150100
Montrose Beach,6/15/2014 2:00,16.5,1.7,1.58,0.145,5,11.1,6/15/2014 2:00,MontroseBeach201406150200
Montrose Beach,6/15/2014 8:00,16.4,1.46,1.594,0.181,4,11.1,6/15/2014 8:00,MontroseBeach201406150800
Montrose Beach,6/15/2014 14:00,17.4,1.38,1.601,0.187,4,11.1,6/15/2014 14:00,MontroseBeach201406151400
Montrose Beach,6/15/2014 4:00,16.4,1.54,1.607,0.146,3,11.1,6/15/2014 4:00,MontroseBeach201406150400
Montrose Beach,6/15/2014 5:00,16.4,1.64,1.633,0.163,3,11.1,6/15/2014 5:00,MontroseBeach201406150500
Montrose Beach,6/15/2014 6:00,16.4,1.53,1.653,0.151,3,11.1,6/15/2014 6:00,MontroseBeach201406150600
Montrose Beach,6/15/2014 10:00,16.8,1.34,1.571,0.178,4,11.1,6/15/2014 10:00,MontroseBeach201406151000
Montrose Beach,6/15/2014 11:00,17,1.25,1.543,0.184,4,11.1,6/15/2014 11:00,MontroseBeach201406151100
Montrose Beach,6/16/2014 6:00,16.9,1.44,1.683,0.099,3,11.1,6/16/2014 6:00,MontroseBeach201406160600
Montrose Beach,6/16/2014 12:00,18.4,1,1.59,0.091,6,11.1,6/16/2014 12:00,MontroseBeach201406161200
Montrose Beach,6/16/2014 14:00,18.1,0.88,1.697,0.101,6,11.1,6/16/2014 14:00,MontroseBeach201406161400
Montrose Beach,6/15/2014 12:00,17.2,1.26,1.564,0.168,4,11.1,6/15/2014 12:00,MontroseBeach201406151200
Montrose Beach,6/15/2014 13:00,17.3,1.3,1.561,0.171,4,11.1,6/15/2014 13:00,MontroseBeach201406151300
Montrose Beach,6/15/2014 15:00,17.6,1.44,1.592,0.173,4,11.1,6/15/2014 15:00,MontroseBeach201406151500
Montrose Beach,6/15/2014 16:00,17.7,1.46,1.662,0.191,4,11.1,6/15/2014 16:00,MontroseBeach201406151600
Montrose Beach,6/15/2014 17:00,18.2,1.37,1.57,0.153,4,11.1,6/15/2014 17:00,MontroseBeach201406151700
Montrose Beach,6/15/2014 23:00,17.6,1.76,1.548,0.111,10,11.1,6/15/2014 23:00,MontroseBeach201406152300
Montrose Beach,6/15/2014 18:00,18.2,1.28,1.605,0.15,7,11.1,6/15/2014 18:00,MontroseBeach201406151800
Montrose Beach,6/16/2014 2:00,17.3,1.74,1.649,0.114,5,11.1,6/16/2014 2:00,MontroseBeach201406160200
Montrose Beach,6/16/2014 11:00,18.1,0.89,1.629,0.116,4,11.1,6/16/2014 11:00,MontroseBeach201406161100
Montrose Beach,6/15/2014 19:00,18.5,1.42,1.502,0.132,6,11.1,6/15/2014 19:00,MontroseBeach201406151900
Montrose Beach,6/15/2014 22:00,18.2,1.98,1.646,0.121,4,11.1,6/15/2014 22:00,MontroseBeach201406152200
Montrose Beach,6/15/2014 20:00,18.6,1.49,1.589,0.125,3,11.1,6/15/2014 20:00,MontroseBeach201406152000
Montrose Beach,6/15/2014 21:00,18.9,2.03,1.534,0.116,3,11.1,6/15/2014 21:00,MontroseBeach201406152100
Montrose Beach,6/16/2014 0:00,17.4,1.83,1.62,0.115,7,11.1,6/16/2014 0:00,MontroseBeach201406162400
Montrose Beach,6/16/2014 1:00,17.3,1.67,1.609,0.11,6,11.1,6/16/2014 1:00,MontroseBeach201406160100
Montrose Beach,6/16/2014 3:00,17.2,1.55,1.622,0.108,3,11.1,6/16/2014 3:00,MontroseBeach201406160300
Montrose Beach,6/16/2014 4:00,17.1,1.41,1.674,0.104,3,11.1,6/16/2014 4:00,MontroseBeach201406160400
Montrose Beach,6/16/2014 5:00,17.1,1.44,1.665,0.103,3,11.1,6/16/2014 5:00,MontroseBeach201406160500
Montrose Beach,6/16/2014 7:00,16.9,1.24,1.654,0.088,4,11.1,6/16/2014 7:00,MontroseBeach201406160700
Montrose Beach,6/16/2014 9:00,17.4,1.15,1.612,0.085,6,11.1,6/16/2014 9:00,MontroseBeach201406160900
Montrose Beach,6/16/2014 8:00,17.2,1.35,1.684,0.085,4,11.1,6/16/2014 8:00,MontroseBeach201406160800
Montrose Beach,6/16/2014 10:00,17.6,1.21,1.645,0.084,6,11.1,6/16/2014 10:00,MontroseBeach201406161000
Montrose Beach,6/16/2014 13:00,18.3,0.96,1.612,0.088,6,11.1,6/16/2014 13:00,MontroseBeach201406161300
Montrose Beach,6/17/2014 8:00,16.2,0.27,1.39,0.162,4,11.1,6/17/2014 8:00,MontroseBeach201406170800
Montrose Beach,6/16/2014 15:00,18,0.79,1.586,0.16,3,11.1,6/16/2014 15:00,MontroseBeach201406161500
Montrose Beach,6/16/2014 16:00,17.7,0.69,1.661,0.166,2,11.1,6/16/2014 16:00,MontroseBeach201406161600
Montrose Beach,6/17/2014 5:00,16,0.27,1.541,0.116,3,11.1,6/17/2014 5:00,MontroseBeach201406170500
Montrose Beach,6/16/2014 17:00,17.6,0.59,1.629,0.154,2,11.1,6/16/2014 17:00,MontroseBeach201406161700
Montrose Beach,6/18/2014 1:00,17.1,0.4,1.618,0.129,7,11.1,6/18/2014 1:00,MontroseBeach201406180100
Montrose Beach,6/16/2014 18:00,17.4,0.51,1.634,0.128,7,11.1,6/16/2014 18:00,MontroseBeach201406161800
Montrose Beach,6/16/2014 19:00,17.1,0.49,1.608,0.154,2,11.1,6/16/2014 19:00,MontroseBeach201406161900
Montrose Beach,6/16/2014 21:00,16.9,0.43,1.626,0.16,3,11.1,6/16/2014 21:00,MontroseBeach201406162100
Montrose Beach,6/16/2014 22:00,16.8,0.42,1.554,0.174,3,11.1,6/16/2014 22:00,MontroseBeach201406162200
Montrose Beach,6/16/2014 23:00,16.6,0.41,1.514,0.16,3,11.1,6/16/2014 23:00,MontroseBeach201406162300
Montrose Beach,6/17/2014 0:00,16.4,0.5,1.537,0.162,3,11.1,6/17/2014 0:00,MontroseBeach201406172400
Montrose Beach,6/17/2014 1:00,16,0.6,1.613,0.164,3,11.1,6/17/2014 1:00,MontroseBeach201406170100
Montrose Beach,6/17/2014 2:00,15.9,0.59,1.56,0.143,6,11.1,6/17/2014 2:00,MontroseBeach201406170200
Montrose Beach,6/17/2014 3:00,15.8,0.38,1.533,0.124,2,11.1,6/17/2014 3:00,MontroseBeach201406170300
Montrose Beach,6/17/2014 4:00,15.8,0.34,1.495,0.112,3,11.1,6/17/2014 4:00,MontroseBeach201406170400
Montrose Beach,6/17/2014 6:00,16,0.24,1.465,0.128,3,11.1,6/17/2014 6:00,MontroseBeach201406170600
Montrose Beach,6/17/2014 16:00,19,0.29,1.672,0.13,4,11.1,6/17/2014 16:00,MontroseBeach201406171600
Montrose Beach,6/17/2014 7:00,16,0.17,1.548,0.133,3,11.1,6/17/2014 7:00,MontroseBeach201406170700
Montrose Beach,6/17/2014 9:00,16.5,0.24,1.505,0.127,3,11.1,6/17/2014 9:00,MontroseBeach201406170900
Montrose Beach,6/17/2014 10:00,17,0.48,1.586,0.132,4,11.1,6/17/2014 10:00,MontroseBeach201406171000
Montrose Beach,6/17/2014 11:00,17.1,0.57,1.529,0.136,3,11.1,6/17/2014 11:00,MontroseBeach201406171100
Montrose Beach,6/17/2014 12:00,17.3,0.41,1.469,0.122,3,11.1,6/17/2014 12:00,MontroseBeach201406171200
Montrose Beach,6/17/2014 13:00,17.3,0.25,1.461,0.147,3,11.1,6/17/2014 13:00,MontroseBeach201406171300
Montrose Beach,6/17/2014 14:00,17.6,0.17,1.661,0.147,3,11.1,6/17/2014 14:00,MontroseBeach201406171400
Montrose Beach,6/17/2014 15:00,18.1,0.12,1.68,0.125,10,11.1,6/17/2014 15:00,MontroseBeach201406171500
Montrose Beach,6/17/2014 17:00,18.9,0.27,1.717,0.146,8,11.1,6/17/2014 17:00,MontroseBeach201406171700
Montrose Beach,6/17/2014 18:00,19.1,0.36,1.614,0.135,4,11.1,6/17/2014 18:00,MontroseBeach201406171800
Montrose Beach,6/17/2014 19:00,18.6,0.27,1.592,0.134,5,11.1,6/17/2014 19:00,MontroseBeach201406171900
Montrose Beach,6/17/2014 20:00,18.3,0.35,1.531,0.137,5,11.1,6/17/2014 20:00,MontroseBeach201406172000
Montrose Beach,6/17/2014 21:00,17.9,0.28,1.703,0.125,5,11.1,6/17/2014 21:00,MontroseBeach201406172100
Montrose Beach,6/17/2014 22:00,17.5,0.3,1.578,0.124,5,11.1,6/17/2014 22:00,MontroseBeach201406172200
Montrose Beach,6/17/2014 23:00,17.3,0.36,1.589,0.119,4,11.1,6/17/2014 23:00,MontroseBeach201406172300
Montrose Beach,6/18/2014 0:00,17.1,0.36,1.518,0.142,8,11.1,6/18/2014 0:00,MontroseBeach201406182400
Montrose Beach,6/18/2014 2:00,17,0.41,1.614,0.106,6,11,6/18/2014 2:00,MontroseBeach201406180200
Montrose Beach,6/18/2014 3:00,16.9,0.39,1.536,0.091,5,11.1,6/18/2014 3:00,MontroseBeach201406180300
Montrose Beach,6/18/2014 4:00,16.6,0.48,1.542,0.091,6,11,6/18/2014 4:00,MontroseBeach201406180400
Montrose Beach,6/18/2014 5:00,16.8,0.44,1.609,0.091,3,11,6/18/2014 5:00,MontroseBeach201406180500
Montrose Beach,6/18/2014 6:00,17,0.38,1.506,0.088,6,11,6/18/2014 6:00,MontroseBeach201406180600
Montrose Beach,6/18/2014 7:00,17,0.42,1.623,0.088,4,11,6/18/2014 7:00,MontroseBeach201406180700
Montrose Beach,6/18/2014 8:00,16.9,0.28,1.811,0.099,3,11,6/18/2014 8:00,MontroseBeach201406180800
Montrose Beach,6/18/2014 9:00,16.6,0.53,1.519,0.234,3,11,6/18/2014 9:00,MontroseBeach201406180900
Montrose Beach,6/18/2014 10:00,16.5,0.45,1.634,0.163,2,11,6/18/2014 10:00,MontroseBeach201406181000
Montrose Beach,6/18/2014 11:00,16.6,0.46,1.595,0.251,2,11,6/18/2014 11:00,MontroseBeach201406181100
Montrose Beach,6/18/2014 12:00,16.5,1.08,1.679,0.281,3,11,6/18/2014 12:00,MontroseBeach201406181200
Montrose Beach,6/18/2014 13:00,16.5,1.2,1.597,0.248,4,11,6/18/2014 13:00,MontroseBeach201406181300
Montrose Beach,6/18/2014 14:00,17,3.76,1.345,0.242,4,11,6/18/2014 14:00,MontroseBeach201406181400
Montrose Beach,6/18/2014 15:00,16.9,1.81,1.896,0.302,3,11,6/18/2014 15:00,MontroseBeach201406181500
Montrose Beach,6/18/2014 16:00,17.2,3.51,1.677,0.276,4,11,6/18/2014 16:00,MontroseBeach201406181600
Montrose Beach,6/18/2014 17:00,17.5,6.34,1.701,0.253,4,11,6/18/2014 17:00,MontroseBeach201406181700
Montrose Beach,6/18/2014 18:00,17.5,9.73,1.579,0.231,4,11,6/18/2014 18:00,MontroseBeach201406181800
Montrose Beach,6/18/2014 19:00,17.2,5.29,1.489,0.334,4,11,6/18/2014 19:00,MontroseBeach201406181900
Montrose Beach,6/18/2014 20:00,17,3.35,1.769,0.341,3,11,6/18/2014 20:00,MontroseBeach201406182000
Montrose Beach,6/18/2014 21:00,16.9,2.36,1.786,0.313,4,11,6/18/2014 21:00,MontroseBeach201406182100
Montrose Beach,6/18/2014 22:00,16.8,3.34,1.629,0.3,4,11,6/18/2014 22:00,MontroseBeach201406182200
Montrose Beach,6/18/2014 23:00,16.7,3.06,1.682,0.27,3,11,6/18/2014 23:00,MontroseBeach201406182300
Montrose Beach,6/19/2014 0:00,16.7,3.1,1.516,0.282,3,11,6/19/2014 0:00,MontroseBeach201406192400
Montrose Beach,6/19/2014 1:00,16.6,2.79,1.605,0.272,4,11,6/19/2014 1:00,MontroseBeach201406190100
Montrose Beach,6/19/2014 2:00,16.6,3.7,1.656,0.299,3,11,6/19/2014 2:00,MontroseBeach201406190200
Montrose Beach,6/19/2014 3:00,16.5,2.95,1.794,0.294,3,11,6/19/2014 3:00,MontroseBeach201406190300
Montrose Beach,6/19/2014 4:00,16.5,3.31,1.698,0.291,3,11,6/19/2014 4:00,MontroseBeach201406190400
Montrose Beach,6/19/2014 5:00,16.5,3.66,1.649,0.321,3,11,6/19/2014 5:00,MontroseBeach201406190500
Montrose Beach,6/19/2014 6:00,16.4,4.25,1.787,0.311,3,11,6/19/2014 6:00,MontroseBeach201406190600
Montrose Beach,6/19/2014 7:00,16.3,4.11,1.597,0.288,3,11,6/19/2014 7:00,MontroseBeach201406190700
Montrose Beach,6/19/2014 8:00,16.3,2.89,1.716,0.311,3,11,6/19/2014 8:00,MontroseBeach201406190800
Montrose Beach,6/19/2014 9:00,16.4,3.24,1.7,0.257,3,11,6/19/2014 9:00,MontroseBeach201406190900
Montrose Beach,6/19/2014 10:00,16.5,2.83,1.677,0.258,3,11,6/19/2014 10:00,MontroseBeach201406191000
Montrose Beach,6/19/2014 11:00,16.6,2.38,1.677,0.238,3,11,6/19/2014 11:00,MontroseBeach201406191100
Montrose Beach,6/19/2014 12:00,16.7,2.21,1.639,0.228,3,11,6/19/2014 12:00,MontroseBeach201406191200
Montrose Beach,6/19/2014 13:00,17,2.39,1.745,0.222,4,11,6/19/2014 13:00,MontroseBeach201406191300
Montrose Beach,6/19/2014 14:00,17.1,2.1,1.707,0.228,4,10.9,6/19/2014 14:00,MontroseBeach201406191400
Montrose Beach,6/19/2014 15:00,17.3,2.04,1.691,0.208,4,11,6/19/2014 15:00,MontroseBeach201406191500
Montrose Beach,6/21/2014 5:00,16.9,1.18,1.642,0.229,3,10.9,6/21/2014 5:00,MontroseBeach201406210500
Montrose Beach,6/21/2014 18:00,16.7,0.63,1.663,0.213,3,10.9,6/21/2014 18:00,MontroseBeach201406211800
Montrose Beach,6/19/2014 16:00,17.5,2.29,1.681,0.247,4,11,6/19/2014 16:00,MontroseBeach201406191600
Montrose Beach,6/19/2014 17:00,17.6,2.44,1.607,0.239,4,11,6/19/2014 17:00,MontroseBeach201406191700
Montrose Beach,6/19/2014 18:00,17.5,1.93,1.78,0.291,3,11,6/19/2014 18:00,MontroseBeach201406191800
Montrose Beach,6/19/2014 19:00,17.6,1.92,1.739,0.304,3,11,6/19/2014 19:00,MontroseBeach201406191900
Montrose Beach,6/19/2014 20:00,17.5,2.11,1.697,0.306,3,11,6/19/2014 20:00,MontroseBeach201406192000
Montrose Beach,6/19/2014 21:00,17.5,1.9,1.791,0.276,3,10.9,6/19/2014 21:00,MontroseBeach201406192100
Montrose Beach,6/19/2014 22:00,17.5,1.82,1.659,0.254,3,11,6/19/2014 22:00,MontroseBeach201406192200
Montrose Beach,6/19/2014 23:00,17.4,2.11,1.746,0.267,3,10.9,6/19/2014 23:00,MontroseBeach201406192300
Montrose Beach,6/20/2014 0:00,17.5,2.24,1.673,0.253,3,10.9,6/20/2014 0:00,MontroseBeach201406202400
Montrose Beach,6/20/2014 1:00,17.5,1.81,1.601,0.213,3,11,6/20/2014 1:00,MontroseBeach201406200100
Montrose Beach,6/20/2014 2:00,17.5,1.67,1.665,0.198,3,11,6/20/2014 2:00,MontroseBeach201406200200
Montrose Beach,6/20/2014 3:00,17.3,1.66,1.568,0.168,3,11,6/20/2014 3:00,MontroseBeach201406200300
Montrose Beach,6/20/2014 7:00,17.3,1.11,1.723,0.192,3,11,6/20/2014 7:00,MontroseBeach201406200700
Montrose Beach,6/20/2014 4:00,17.3,1.44,1.785,0.172,3,11,6/20/2014 4:00,MontroseBeach201406200400
Montrose Beach,6/20/2014 5:00,17.4,1.35,1.658,0.196,3,11,6/20/2014 5:00,MontroseBeach201406200500
Montrose Beach,6/20/2014 6:00,17.2,1.33,1.711,0.191,3,11,6/20/2014 6:00,MontroseBeach201406200600
Montrose Beach,6/20/2014 8:00,17.2,0.83,1.709,0.19,4,11,6/20/2014 8:00,MontroseBeach201406200800
Montrose Beach,6/20/2014 9:00,17.3,0.88,1.609,0.189,3,10.9,6/20/2014 9:00,MontroseBeach201406200900
Montrose Beach,6/20/2014 10:00,17.6,1.41,1.664,0.175,3,11,6/20/2014 10:00,MontroseBeach201406201000
